,"('Sex and Age', 'Under 5 years')","('Sex and Age', '10 to 14 years')","('Sex and Age', '15 to 19 years')","('Sex and Age', '20 to 24 years')","('Sex and Age', '25 to 34 years')","('Sex and Age', '35 to 44 years')","('Sex and Age', '45 to 54 years')","('Sex and Age', '55 to 59 years')","('Sex and Age', '60 to 64 years')","('Sex and Age', '65 to 74 years')","('Sex and Age', '75 to 84 years')","('Sex and Age', '85 years and over')","('Sex and Age', 'Total population')","('Place of Birth', 'Native')","('Place of Birth', 'Born in United States')","('Place of Birth', 'State of residence')","('Place of Birth', 'Different state')","('Place of Birth', 'Born in Puerto Rico, U.S. Island areas, or born abroad to American parent(s)')","('Place of Birth', 'Foreign born')","('Residence 1 Year Ago', 'Same house')","('Residence 1 Year Ago', 'Different house in the U.S.')","('Residence 1 Year Ago', 'Same county')","('Residence 1 Year Ago', 'Different county')","('Residence 1 Year Ago', 'Same state')","('Residence 1 Year Ago', 'Different state')","('Residence 1 Year Ago', 'Abroad')","('Commuting to Work', 'Car, truck, or van -- drove alone')","('Commuting to Work', 'Car, truck, or van -- carpooled')","('Commuting to Work', 'Public transportation (excluding taxicab)')","('Commuting to Work', 'Walked')","('Commuting to Work', 'Worked from home')","('Commuting to Work', 'Mean travel time to work (minutes)')","('Occupation', 'Civilian employed population 16 years and over')","('Occupation', 'Management, business, science, and arts occupations')","('Occupation', 'Service occupations')","('Occupation', 'Sales and office occupations')","('Occupation', 'Natural resources, construction, and maintenance occupations')","('Occupation', 'Production, transportation, and material moving occupations')",Civilian employed population 16 years and over,"Agriculture, forestry, fishing and hunting, and mining",Construction,Manufacturing,Wholesale trade,Retail trade,"Transportation and warehousing, and utilities",Information,"Finance and insurance, and real estate and rental and leasing","Professional, scientific, and management, and administrative and waste management services","Educational services, and health care and social assistance","Arts, entertainment, and recreation, and accommodation and food services","Other services, except public administration",Public administration,Civilian employed population 16 years and over,Private wage and salary workers,Total households,"Less than $10,000","$10,000 to $14,999","$15,000 to $24,999","$25,000 to $34,999","$35,000 to $49,999","$50,000 to $74,999","$75,000 to $99,999","$100,000 to $149,999","$150,000 to $199,000","$200,000 or more",Median household income (dollars),Mean household income (dollars),Civilian noninstitutionalized population,With health insurance coverage,With private health insurance,With public coverage,No health insurance coverage,Civilian noninstitutionalized population under 19 years,No health insurance coverage.1,Population 25 years and over,Less than 9th grade,"9th to 12th grade, no diploma",High school graduate (includes equivalency),"Some college, no degree",Associate's degree,Bachelor's degree,Graduate or professional degree,Percent high school graduate or higher,Percent bachelor's degree or higher,One race,White,Black or African American,American Indian and Alaska Native,Asian,Native Hawaiian and Other Pacific Islander,Some other race,Two or more races,"('Value', 'Median (dollars)')"
0,0.054090082,0.059256502,0.061558775,0.062876367,0.127633603,0.116889192,0.107552272,0.063904594,0.076933018,0.127500158,0.06336941,0.022258588,711905,0.937155941,0.92700571,0.715876416,0.211129294,0.010150231,0.062844059,0.824350159,0.163613123,0.091765053,0.07184807,0.06114299,0.01070508,0.001460869,0.320566649,0.038152562,0.001670167,0.010040666,0.033379454,22.9,0.420938187,0.157251319,0.08833482,0.082779303,0.038963064,0.053609681,0.420938187,0.015186015,0.032401795,0.030127615,0.006696118,0.0476749,0.022465076,0.007246753,0.019143004,0.037208616,0.106911737,0.045112761,0.020921331,0.029842465,0.420938187,0.294787928,0.381122481,0.021240194,0.018357787,0.039064201,0.036791426,0.0476749,0.061110682,0.05162627,0.053665868,0.026163603,0.02542755,0.086293817,0.118653472,0.97746188,0.917408924,0.611767019,0.472464725,0.060052957,0.21628869,0.006784613,0.706040834,0.020544876,0.046694433,0.177112115,0.201678595,0.077788469,0.122441899,0.059780448,90.5,25.8,0.945933797,0.847806941,0.015610229,0.016277453,0.03043805,0.002948427,0.032852698,0.054066203,312100
1,0.045050068,0.062076354,0.063547204,0.05343617,0.107492018,0.120121282,0.129035309,0.067951284,0.079253678,0.135354881,0.063547204,0.023883665,708434,0.873115915,0.857070666,0.612954771,0.244115895,0.016045249,0.126884085,0.849364937,0.13767267,0.075388815,0.062283854,0.045305561,0.016978293,0.004713213,0.320710186,0.047342448,0.02332892,0.019963751,0.052143178,27,0.485391723,0.217708354,0.08920097,0.099512446,0.041755478,0.037214476,0.485391723,0.013128958,0.039457451,0.031571043,0.011113244,0.057013074,0.014382427,0.010343942,0.032691825,0.073329343,0.104692886,0.053702956,0.021359788,0.022604787,0.485391723,0.350832964,0.403509713,0.016200521,0.021756437,0.025195008,0.028046367,0.043442297,0.055319197,0.048189387,0.063311473,0.034227606,0.06782142,0.112997118,0.178507807,0.986367114,0.933400994,0.675629628,0.409994438,0.05296612,0.208948187,0.006143127,0.72663932,0.029412761,0.037556074,0.122567522,0.16554118,0.061497613,0.194643397,0.115420773,90.8,42.7,0.948726346,0.798658732,0.018319279,0.02468261,0.039440512,0.002326258,0.065298955,0.051273654,694400
2,0.065761149,0.062526214,0.073018255,0.084581992,0.143559699,0.124642272,0.116116331,0.058652229,0.059735833,0.088019359,0.042493428,0.017791485,755811,0.817648857,0.799594078,0.636812642,0.162781436,0.018054778,0.182351143,0.832823285,0.147571284,0.078849077,0.068722207,0.056518098,0.012204109,0.008201786,0.339184002,0.04795908,0.008754834,0.006969996,0.026783151,29.1,0.443718072,0.153292291,0.084518484,0.091851005,0.054114058,0.059942234,0.443718072,0.017209329,0.03314056,0.032538558,0.008561664,0.051457309,0.027152291,0.005857284,0.022824489,0.043644509,0.112614132,0.039347138,0.019286568,0.030084241,0.443718072,0.318808538,0.337591012,0.018744104,0.013914854,0.018791735,0.025794808,0.037076729,0.058063458,0.04465799,0.059882696,0.031941848,0.028722789,0.096837701,0.128753088,0.97321288,0.918278511,0.645952493,0.388721519,0.054934369,0.247052504,0.009149113,0.651010636,0.0433574,0.044302081,0.157220522,0.161488785,0.067408386,0.110524986,0.066708476,86.5,27.2,0.933561433,0.686805299,0.062845076,0.012164417,0.112648533,0.00709172,0.052006388,0.066438567,397600
3,0.04958525,0.063877826,0.055037833,0.048091464,0.103084431,0.126632674,0.125499138,0.074847652,0.077250642,0.13154686,0.065256807,0.024772831,757806,0.901154121,0.885218644,0.655902698,0.229315946,0.015935477,0.098845879,0.863986297,0.123554049,0.049176174,0.074377875,0.057050221,0.017327654,0.005193941,0.346144,0.036244105,0.003628897,0.006896224,0.043900418,29.9,0.452647511,0.198028255,0.087808753,0.08969314,0.03596435,0.041153013,0.452647511,0.007606168,0.032413309,0.026166328,0.009621196,0.04938863,0.023211745,0.007973017,0.032980736,0.057452699,0.095614181,0.053909576,0.023800287,0.03250964,0.452647511,0.335139864,0.378381802,0.015746774,0.012232682,0.022578338,0.023276406,0.033851672,0.057828785,0.051939415,0.071804657,0.037952985,0.051170088,0.113979039,0.149616129,0.985042346,0.936714674,0.74029237,0.367419894,0.048327672,0.213588966,0.009241151,0.728891035,0.018337147,0.033115336,0.152590505,0.186855211,0.081222635,0.172924205,0.083845998,92.9,35.2,0.953650407,0.844307118,0.016770783,0.012145589,0.059215683,0.001892305,0.019318929,0.046349593,473100
4,0.05096602,0.061387851,0.057473639,0.060623464,0.129039544,0.128144316,0.128173239,0.072620897,0.06876453,0.115222733,0.051486629,0.021890391,726072,0.802723421,0.783936028,0.612680285,0.171255743,0.018787393,0.197276579,0.87190802,0.116776298,0.07433698,0.042439317,0.03639584,0.006043478,0.00337983,0.370490805,0.058736599,0.017470719,0.009420553,0.029778039,30.4,0.512939488,0.19737712,0.099019106,0.105055697,0.052084366,0.0594032,0.512939488,0.013834716,0.038290968,0.045819147,0.013223207,0.057554898,0.028581188,0.009850263,0.025560826,0.059565718,0.116124847,0.054913287,0.028242378,0.021378045,0.512939488,0.397189259,0.370045946,0.014513712,0.009297976,0.017114005,0.020643958,0.039563569,0.059370145,0.055713483,0.068115834,0.037110645,0.048602618,0.118247226,0.155134752,0.992232175,0.933582344,0.719587038,0.357289635,0.058649831,0.211005245,0.00916438,0.71534228,0.042144581,0.040767307,0.153315374,0.172657808,0.06840093,0.149706916,0.088349365,88.4,33.3,0.943618539,0.624993114,0.066164237,0.005109686,0.116757016,0.003057548,0.127536938,0.056381461,583600
5,0.072658749,0.066444741,0.060506968,0.068433377,0.17446796,0.140195641,0.106317212,0.056190797,0.051567697,0.077336839,0.035920777,0.016249266,781943,0.778391775,0.765407453,0.621205126,0.144202327,0.012984322,0.221608225,0.820387164,0.158896492,0.104006302,0.05489019,0.045952199,0.008937992,0.007817705,0.348425653,0.05140656,0.014267025,0.01158908,0.028821794,26.8,0.474194411,0.169816726,0.098044231,0.102252978,0.041776702,0.062303774,0.474194411,0.003944021,0.035592108,0.022418514,0.013614803,0.059160322,0.029311599,0.007684703,0.030696611,0.058752364,0.100380718,0.046904953,0.020349309,0.045384382,0.474194411,0.340862441,0.359494234,0.016195554,0.017863195,0.031072597,0.034549833,0.040106504,0.063228394,0.048980552,0.057915986,0.026051771,0.023529848,0.082725979,0.108924819,0.993716933,0.930111274,0.597996273,0.434824533,0.063605659,0.260843821,0.007596462,0.658246189,0.046275752,0.042009456,0.166262758,0.156528033,0.052170043,0.130709016,0.064291131,86.6,29.6,0.91189767,0.495976049,0.118113469,0.007164205,0.151678575,0.013603293,0.125362079,0.08810233,356100
6,0.053485809,0.065487109,0.06426068,0.053558496,0.141570676,0.13326188,0.13315351,0.069733357,0.066367284,0.095043004,0.045952782,0.017915387,756668,0.79292107,0.77772418,0.608430646,0.169293534,0.01519689,0.20707893,0.858724037,0.126609028,0.083518796,0.043090232,0.033843112,0.00924712,0.004973119,0.36674605,0.046439125,0.011142271,0.005542722,0.038837376,29.5,0.485781082,0.202099203,0.088807773,0.115222264,0.035321964,0.044329878,0.485781082,0.00312158,0.035833417,0.027253696,0.015244467,0.05082414,0.027171758,0.00715241,0.036833856,0.056356288,0.105556202,0.047575687,0.022864717,0.049992863,0.485781082,0.34934608,0.360489673,0.015276185,0.01132465,0.020505691,0.02182331,0.038591562,0.064872573,0.049395508,0.065867725,0.034264697,0.038567773,0.1028007,0.134660115,0.990233497,0.941687768,0.69998467,0.373108153,0.048545729,0.232096507,0.00684316,0.70299788,0.026053699,0.037469537,0.145279039,0.17988074,0.0771633,0.156044659,0.081106906,91,33.7,0.92426401,0.60410246,0.07236463,0.006153293,0.177500568,0.011460773,0.052682286,0.07573599,421700
7,0.078624547,0.079679419,0.07131787,0.073018384,0.13985547,0.118376466,0.10533505,0.062746177,0.061435537,0.080951347,0.037217739,0.013558483,723311,0.858916842,0.845130241,0.659255839,0.185874403,0.013786601,0.141083158,0.879811036,0.1062254,0.059595388,0.046630011,0.027050605,0.019579406,0.003037421,0.298476036,0.033872014,0.002187164,0.009778643,0.023938527,32.8,0.365620044,0.109138393,0.069038076,0.078607957,0.038538056,0.070297562,0.365620044,0.004536085,0.028240964,0.023731147,0.009709516,0.042840493,0.037181793,0.004088145,0.011274542,0.037566137,0.081634318,0.036444904,0.020769766,0.027602235,0.365620044,0.263587862,0.316216676,0.01916603,0.015252084,0.029029007,0.035217216,0.04323728,0.058335903,0.042837728,0.044072329,0.018545273,0.010523827,0.0776153,0.100973164,0.970246547,0.87887921,0.501997066,0.462571425,0.091367337,0.291494254,0.015617072,0.61947627,0.040127967,0.067253229,0.18097886,0.164919378,0.058747897,0.067712229,0.039736711,82.7,17.3,0.947126478,0.738700227,0.085024284,0.015145629,0.023768476,0.005902026,0.078585837,0.052873522,270000
8,0.062323238,0.084939793,0.076710032,0.063960273,0.136370701,0.127882327,0.119504788,0.063976834,0.054242531,0.08400853,0.039612411,0.01779845,784956,0.780777521,0.767658315,0.65330923,0.114349085,0.013119207,0.219222479,0.89717258,0.090825473,0.052287007,0.038538466,0.031014477,0.007523989,0.002010304,0.325808071,0.052018202,0.013868293,0.004832118,0.019559058,37.8,0.435572185,0.133932348,0.081442782,0.092615382,0.060222484,0.06735919,0.435572185,0.020641921,0.041430348,0.031038682,0.010110121,0.050923873,0.039316853,0.005963392,0.020257186,0.039653178,0.099037398,0.036404588,0.018890231,0.021904412,0.435572185,0.343047254,0.307996881,0.013961292,0.010098655,0.022806374,0.026437151,0.033338174,0.052242419,0.038719368,0.048908474,0.030763508,0.030721467,0.092026814,0.124617176,0.985882011,0.924626348,0.601893609,0.425144849,0.061255663,0.278633452,0.008155871,0.643396573,0.067467476,0.053067943,0.181681521,0.140318693,0.056028618,0.098717635,0.046114687,81.3,22.5,0.890063902,0.530136721,0.0952805,0.006829682,0.162513568,0.007838656,0.087464775,0.109936098,409900
9,0.067808576,0.080587402,0.074496084,0.067906634,0.142277204,0.131099981,0.119882227,0.060896191,0.056150219,0.074930151,0.039705357,0.014746509,764859,0.800099103,0.789928601,0.683476301,0.1064523,0.010170502,0.199900897,0.895060397,0.088344388,0.055588023,0.032756364,0.028043077,0.004713287,0.002490655,0.350416221,0.044916776,0.005163043,0.005204881,0.017322147,34.9,0.437334201,0.121151742,0.077244303,0.098803832,0.063292711,0.076841614,0.437334201,0.021560837,0.042467958,0.042916407,0.014468026,0.053379773,0.036626359,0.005348698,0.0146393,0.040812751,0.085784439,0.041093849,0.018768165,0.01946764,0.437334201,0.345594417,0.312364763,0.012812819,0.010511741,0.023016007,0.025442598,0.037430428,0.057738747,0.042915099,0.058514053,0.024197924,0.019785346,0.091058613,0.114632893,0.992601251,0.927091137,0.607802222,0.412580619,0.065510114,0.276543781,0.010673863,0.639687838,0.065779444,0.05098979,0.190780261,0.165635758,0.051082618,0.084118772,0.031301194,81.7,18,0.947500127,0.767000192,0.035367303,0.00724055,0.073625335,0.007239243,0.057027504,0.052499873,372000
10,0.059645671,0.058864487,0.061628679,0.057903029,0.130706045,0.134574085,0.132951624,0.070153781,0.065124415,0.09546521,0.050074199,0.020434903,765504,0.72072125,0.704099521,0.522626923,0.181472598,0.016621729,0.27927875,0.869425895,0.107534383,0.061562056,0.045972327,0.03536363,0.010608697,0.009623725,0.319264171,0.044765279,0.064012729,0.009182186,0.033526931,36.9,0.49649512,0.223618688,0.1004789,0.090788552,0.035161149,0.04644783,0.49649512,0.003231858,0.035844359,0.029286588,0.009276242,0.046485714,0.026306851,0.009644626,0.039127163,0.090043945,0.109220853,0.051035658,0.027035783,0.01995548,0.49649512,0.389518539,0.35073886,0.012252059,0.011321953,0.014752372,0.017188676,0.024347358,0.045243395,0.042021988,0.066587503,0.041182019,0.075841537,0.135309548,0.19490166,0.99493275,0.934801124,0.704192271,0.348975316,0.060131626,0.233578139,0.006781153,0.699484261,0.04321336,0.043760712,0.115027485,0.131956201,0.052326311,0.184422289,0.128777903,87.6,44.8,0.935660689,0.540202272,0.073708302,0.005678612,0.148106346,0.001883726,0.166081431,0.064339311,735200
11,0.045907795,0.034921982,0.031416063,0.050328023,0.239874638,0.166564507,0.128784187,0.055962627,0.05362492,0.086423347,0.046271979,0.02304879,779824,0.677842693,0.655292733,0.395269958,0.260022774,0.02254996,0.322157307,0.844128932,0.1330095,0.077418751,0.055590749,0.033053612,0.022537137,0.013464577,0.166856881,0.032494512,0.217234915,0.084646023,0.046474589,34.6,0.616827643,0.381283469,0.088445598,0.100985607,0.015159831,0.030953138,0.616827643,0.000754016,0.018997876,0.033597325,0.008089005,0.052572119,0.023931041,0.043847073,0.05011259,0.173846919,0.103350243,0.064858224,0.023946429,0.018924783,0.616827643,0.512021943,0.425683231,0.016919202,0.022901321,0.020618755,0.017871981,0.02412211,0.042612179,0.033007448,0.062566682,0.050684513,0.134379039,0.163229139,0.225826597,0.995368186,0.956845391,0.758713505,0.286450532,0.038522795,0.141725569,0.001119483,0.800554997,0.051232073,0.036521061,0.09140524,0.09903132,0.034897618,0.287169926,0.200297759,89,60.9,0.940855885,0.469048144,0.057891268,0.004253524,0.32790604,0.004409969,0.07734694,0.059144115,1226000
12,0.055559385,0.050942334,0.058407651,0.068160684,0.18854477,0.149250412,0.124190878,0.05417557,0.056286408,0.090159958,0.039947249,0.017354911,768889,0.742995413,0.724441369,0.507348915,0.217092454,0.018554044,0.257004587,0.841090196,0.13893813,0.076818631,0.0621195,0.045881785,0.016237714,0.009940316,0.265858921,0.040441468,0.132935963,0.023193205,0.040167046,34.6,0.538861916,0.29363016,0.083555624,0.086190594,0.026590314,0.048895224,0.538861916,0.002225289,0.027016904,0.030524562,0.009897397,0.043503028,0.030131788,0.020579043,0.032531354,0.10778669,0.126586542,0.052767044,0.033370226,0.021942049,0.538861916,0.404224797,0.383535205,0.022092916,0.018769939,0.023081355,0.023773262,0.030748261,0.047888577,0.038684387,0.065148545,0.041433809,0.071914151,0.119021081,0.164476277,0.995217775,0.945301597,0.707645707,0.331613536,0.049916178,0.197575983,0.005610693,0.719910156,0.042763,0.039313867,0.10720143,0.104800563,0.038550428,0.216650258,0.170630611,88.6,53.8,0.934538015,0.405790693,0.175497373,0.00936286,0.207120924,0.005190606,0.131575559,0.065461985,858500
13,0.048096853,0.051333818,0.05594767,0.060195429,0.156123987,0.140653853,0.132209481,0.072719319,0.061601927,0.096269079,0.052380952,0.021984441,742980,0.608689332,0.589433094,0.452142723,0.137290371,0.019256238,0.391310668,0.87792269,0.10309295,0.050927347,0.052165603,0.040170664,0.011994939,0.009915476,0.341780398,0.054133355,0.092855797,0.01428706,0.030644163,31.2,0.561791704,0.28166707,0.098430644,0.104158928,0.032531158,0.045003903,0.561791704,0.002332499,0.030902581,0.038022558,0.009744542,0.052581496,0.034446418,0.024245606,0.040897467,0.113141673,0.111379849,0.058004253,0.024291367,0.021801394,0.561791704,0.455724246,0.34338744,0.008977361,0.007214191,0.015285741,0.012611376,0.022284584,0.036270155,0.03261999,0.060012383,0.044289214,0.103822445,0.169560419,0.235190718,0.99569975,0.951313629,0.789332149,0.273038305,0.044386121,0.194655307,0.004714797,0.73394304,0.047173544,0.033026461,0.117715147,0.115221137,0.057339363,0.21084686,0.152620528,89.1,49.5,0.947243533,0.43624862,0.025438101,0.004643463,0.362889984,0.01236507,0.105658295,0.052756467,1161400
14,0.05785799,0.070730092,0.054949943,0.049073771,0.135235047,0.157407786,0.141167463,0.067809263,0.05942514,0.083021863,0.041050118,0.0184645,782312,0.646267729,0.630995051,0.496647118,0.134347933,0.015272679,0.353732271,0.885825604,0.095763583,0.049086554,0.046677029,0.036182495,0.010494534,0.009457863,0.329530929,0.043940269,0.047055395,0.005735563,0.029728548,37.4,0.516090767,0.269549745,0.070451431,0.098318829,0.033094213,0.044676548,0.516090767,0.001666854,0.025841352,0.058569982,0.014951835,0.055389666,0.029163556,0.017679647,0.034031179,0.109682582,0.099452648,0.035139433,0.01825103,0.016271002,0.516090767,0.426162452,0.325495454,0.008405853,0.006185512,0.012749389,0.010899743,0.016402663,0.035990756,0.037470983,0.064888433,0.045011453,0.087490669,0.159805806,0.202448639,0.993195809,0.962741208,0.789683656,0.255449233,0.030454601,0.240015493,0.005614128,0.70358118,0.031359611,0.034500302,0.129816493,0.118237992,0.051738948,0.204854329,0.133073505,90.6,48,0.933791122,0.409828815,0.048924214,0.005102823,0.371177995,0.010398664,0.088358609,0.066208878,888000
15,0.079503208,0.089494551,0.080675614,0.073878845,0.155932667,0.131533874,0.104183485,0.048506809,0.046432858,0.06570918,0.032891103,0.01228039,753152,0.752007563,0.743448866,0.653905188,0.089543678,0.008558697,0.247992437,0.870132457,0.114862604,0.0717956,0.043067004,0.035688679,0.007378325,0.003023294,0.278054098,0.048581163,0.004725474,0.007331853,0.01989771,27.1,0.388738263,0.086692992,0.087050157,0.069954007,0.077315071,0.067726037,0.388738263,0.046167308,0.03307035,0.033106199,0.00960895,0.038373396,0.026632074,0.002905124,0.011214204,0.033063711,0.082063116,0.035387279,0.016610193,0.020536359,0.388738263,0.295034734,0.288453061,0.020517771,0.015995443,0.032434356,0.033742193,0.040426103,0.050697602,0.034578677,0.036681838,0.012358727,0.011020352,0.06692009,0.090911264,0.977409607,0.878410998,0.440517983,0.535789588,0.098998609,0.311998109,0.012892484,0.597470365,0.104948271,0.084358801,0.147554544,0.135177229,0.046312033,0.05685041,0.022269077,68.3,13.2,0.968083468,0.560072867,0.052776863,0.01141735,0.09270373,0.002274441,0.248838216,0.031916532,262400
16,0.058767721,0.050741348,0.056168163,0.056371827,0.194532959,0.154038043,0.135930952,0.065192614,0.05501196,0.064542408,0.039246369,0.015102736,790519,0.497982971,0.486036389,0.374861325,0.111175063,0.011946582,0.502017029,0.824457097,0.143654991,0.094362058,0.049292933,0.027689404,0.021603529,0.019876815,0.385015414,0.05664633,0.032057421,0.010276793,0.020988743,29,0.560331883,0.347892967,0.070642198,0.070160237,0.02607907,0.045557412,0.560331883,0.000650206,0.021867912,0.103630653,0.009320459,0.0405063,0.021030488,0.029446478,0.020476421,0.147253893,0.093522104,0.042579622,0.016718131,0.013329218,0.560331883,0.48812489,0.334809157,0.007863189,0.005119422,0.009846696,0.010068069,0.014742214,0.032491313,0.027986677,0.06203393,0.05127644,0.113381209,0.186802594,0.231728776,0.993623177,0.96328235,0.81872036,0.209915258,0.030340827,0.208396003,0.002018927,0.723598041,0.034305311,0.026571151,0.092350721,0.087171845,0.047909032,0.219758159,0.215531821,91.6,60.2,0.952868938,0.276132515,0.022666122,0.005865767,0.556023321,0.007530496,0.084650717,0.047131062,1137100
17,0.059082841,0.071361862,0.060221065,0.049518046,0.132466444,0.141207419,0.143227833,0.062806611,0.061353982,0.086810134,0.053102522,0.019648291,753806,0.687975421,0.67208937,0.46381695,0.20827242,0.01588605,0.312024579,0.848426518,0.123940377,0.073337172,0.050603206,0.028589584,0.022013622,0.015599504,0.357207292,0.037254944,0.019241025,0.014051361,0.039254132,28.7,0.504471973,0.333075088,0.053325391,0.073582593,0.022639777,0.021849123,0.504471973,0.002134501,0.023866884,0.063736558,0.007667755,0.039697217,0.010397901,0.02778301,0.029255538,0.124378156,0.114428646,0.034010077,0.015632669,0.011483061,0.504471973,0.424958146,0.360647169,0.008803326,0.007964914,0.009414889,0.012939669,0.021368893,0.034163963,0.032633065,0.053588058,0.042351746,0.137418646,0.198161065,0.291394603,0.994661756,0.956582994,0.824246557,0.23112578,0.038078763,0.24033372,0.006254925,0.700623237,0.018207602,0.014869874,0.075851081,0.088484305,0.042269496,0.218418267,0.242522612,95.3,65.8,0.948007843,0.625595976,0.02367718,0.002211444,0.24446343,0.001643659,0.050416155,0.051992157,1588400
18,0.054973662,0.07083596,0.0613598,0.067878813,0.154955358,0.138851716,0.13197611,0.063954931,0.056984414,0.084336337,0.039114076,0.018957744,737535,0.630323985,0.61185842,0.50219854,0.109659881,0.018465564,0.369676015,0.889232375,0.092798308,0.068648945,0.024149362,0.017487984,0.006661379,0.0080064,0.37855695,0.062691262,0.024835432,0.009599544,0.020725796,33.6,0.522890439,0.225224566,0.098025178,0.095732406,0.044232477,0.059675812,0.522890439,0.002714447,0.042528151,0.078217305,0.011975025,0.050969784,0.019961087,0.013033958,0.020815283,0.090959751,0.10312053,0.046631007,0.024653745,0.017310365,0.522890439,0.428729484,0.309860549,0.007767767,0.008700604,0.014838618,0.017469001,0.022405716,0.039678117,0.033507562,0.05505637,0.040059116,0.070377677,0.145403269,0.19525853,0.996119506,0.936610466,0.684546496,0.334173971,0.05950904,0.228588474,0.004268272,0.689130685,0.072076579,0.048917001,0.130404659,0.129417587,0.052396157,0.163843072,0.09207563,82.4,37.1,0.945091419,0.469263154,0.028223745,0.004951629,0.309935122,0.002662924,0.130054845,0.054908581,894400
19,0.064061156,0.069706594,0.079703385,0.078700471,0.135224941,0.129227675,0.113793038,0.058522211,0.05813129,0.090770492,0.039005821,0.016553479,741838,0.748570443,0.730143239,0.584964642,0.145178597,0.018427204,0.251429557,0.869329962,0.116123736,0.060564436,0.0555593,0.039778227,0.015781073,0.00402379,0.337410594,0.049350397,0.008245736,0.016523823,0.024602406,27.6,0.465222865,0.157524958,0.090469887,0.083837711,0.08488511,0.048505199,0.465222865,0.057610961,0.036649511,0.030069907,0.012524298,0.042582073,0.017762638,0.005498505,0.018593008,0.05040184,0.10179581,0.051918343,0.021608491,0.018207479,0.465222865,0.352887018,0.311566676,0.010472637,0.008280784,0.024677895,0.021466951,0.033109655,0.045772797,0.045096099,0.056334402,0.027322677,0.039032781,0.108461686,0.147669707,0.97723627,0.893997072,0.601518121,0.400308423,0.083239198,0.26080492,0.006765628,0.641228948,0.103494294,0.04876806,0.123405649,0.119887361,0.055162987,0.112337195,0.078173402,76.3,29.7,0.954894465,0.581963987,0.023846177,0.006152287,0.05823913,0.001980217,0.282712668,0.045105535,666600
20,0.084164999,0.089582705,0.078064596,0.081471225,0.162355715,0.122966304,0.113808845,0.048271324,0.043307378,0.053754832,0.028510131,0.00944123,729460,0.726785567,0.716142078,0.643175774,0.072966304,0.01064349,0.273214433,0.886697009,0.09335673,0.057597401,0.035759329,0.02760261,0.008156719,0.005535602,0.283454884,0.055967428,0.002451128,0.006103145,0.012436597,23.8,0.361845749,0.068042113,0.065449785,0.06334823,0.107384915,0.057620706,0.361845749,0.094335536,0.022901873,0.022967675,0.011618183,0.034215721,0.023213062,0.001651907,0.006935267,0.024119211,0.061636005,0.026400351,0.011168536,0.020682423,0.361845749,0.290510789,0.26953774,0.020301319,0.013117923,0.03865325,0.034584487,0.037795081,0.049428344,0.029831656,0.027741069,0.011448195,0.006636416,0.063111068,0.084376114,0.948486552,0.847417268,0.379146218,0.530426617,0.101069284,0.322799057,0.012671017,0.58241576,0.133718093,0.086122611,0.153183177,0.113751268,0.033527541,0.044693335,0.017419735,62.3,10.7,0.973115729,0.710994434,0.028856963,0.017257972,0.031670002,0.001155649,0.183180709,0.026884271,214400
21,0.075887254,0.0826175,0.070897119,0.06609426,0.148722164,0.133245851,0.107865999,0.055044953,0.050022304,0.076702687,0.033002262,0.016927705,768917,0.826559954,0.818959654,0.701000238,0.117959416,0.0076003,0.173440046,0.862436388,0.122842908,0.089460891,0.033382017,0.024059814,0.009322203,0.001412376,0.346141391,0.048525394,0.001624363,0.004736532,0.017695018,23.4,0.434456515,0.156603379,0.078783536,0.081698025,0.05822475,0.059146826,0.434456515,0.036902553,0.026246006,0.03106187,0.013511211,0.04699727,0.023882942,0.005039556,0.018272453,0.035977875,0.120474642,0.030587177,0.016961519,0.028541442,0.434456515,0.323236448,0.32642795,0.016701413,0.011838729,0.022028385,0.030369988,0.040852264,0.059464155,0.044505454,0.054185302,0.027191491,0.019290769,0.086526894,0.111836518,0.992759947,0.931070584,0.581130343,0.453489778,0.061689363,0.300193649,0.006466238,0.621533924,0.061513791,0.044851395,0.138369941,0.153342949,0.070882813,0.09931241,0.053260625,82.9,24.5,0.952680198,0.660201296,0.031929324,0.009868425,0.083517467,0.002264224,0.164899462,0.047319802,298300
22,0.066794596,0.07981315,0.074768359,0.060257,0.149404564,0.131536753,0.112416173,0.058601025,0.05931304,0.084438553,0.04189833,0.013481095,741557,0.858040582,0.845639647,0.692541504,0.153098144,0.012400935,0.141959418,0.848416238,0.137302999,0.101401511,0.035901488,0.024873341,0.011028148,0.005094686,0.327972091,0.046794784,0.004003738,0.002245276,0.016043271,26,0.408582213,0.147149848,0.066791899,0.084588238,0.055723296,0.054328932,0.408582213,0.029612019,0.030450795,0.027449003,0.009140228,0.040393389,0.028744925,0.005667804,0.015901677,0.038571546,0.096658787,0.030140637,0.018099755,0.03775165,0.408582213,0.292739466,0.333972978,0.016147107,0.022822251,0.031261252,0.026838126,0.037510266,0.056067167,0.037935047,0.05532953,0.028960687,0.021101547,0.085698065,0.114792255,0.974038408,0.913821864,0.592926774,0.431137458,0.060216544,0.276195896,0.006792465,0.651089532,0.044672223,0.053041101,0.17145951,0.17095112,0.0669726,0.098201487,0.04579149,85,22.1,0.950564825,0.721469826,0.067541672,0.010130037,0.049953004,0.001185344,0.100284941,0.049435175,264300
23,0.054465226,0.063556099,0.080444183,0.105689524,0.126701318,0.113020261,0.106503147,0.061277956,0.06017821,0.102040429,0.051654162,0.024736827,737443,0.818029326,0.8065342,0.610066134,0.196468066,0.011495126,0.181970674,0.795311638,0.184770891,0.117476198,0.067294693,0.047636224,0.019658469,0.007696866,0.330462151,0.062476693,0.013318996,0.019337088,0.035366801,21,0.480251355,0.18577029,0.100198931,0.088230548,0.061082687,0.044968899,0.480251355,0.034054157,0.032833724,0.03159973,0.00910172,0.044944491,0.018762128,0.007993838,0.022518351,0.060800631,0.110506168,0.062632637,0.025360604,0.019143174,0.480251355,0.366001169,0.348619487,0.017124035,0.010547256,0.023319768,0.022115608,0.042837209,0.055376483,0.045660478,0.062202774,0.028943254,0.040492621,0.103476472,0.144577954,0.979866919,0.89321073,0.657170792,0.369376345,0.086656189,0.21946781,0.008726098,0.64611231,0.056695907,0.038760962,0.121155127,0.145350895,0.053380397,0.13951858,0.091250442,85.2,35.7,0.96526918,0.802777977,0.020425985,0.011599541,0.050399828,0.000949226,0.079116623,0.03473082,624900
24,0.057782958,0.083929458,0.078143234,0.063662374,0.124683392,0.129039751,0.139684456,0.069248306,0.063708274,0.073896758,0.039428388,0.013220687,718949,0.813657158,0.803190491,0.666139045,0.137051446,0.010466667,0.186342842,0.9003309,0.086401122,0.066544359,0.019856763,0.009999318,0.009857445,0.002489745,0.357768075,0.041326993,0.009488851,0.002582937,0.026019926,37.5,0.452396484,0.174617393,0.081271411,0.100467488,0.04369851,0.052341682,0.452396484,0.001879132,0.034838354,0.046288402,0.010093901,0.045171493,0.030299785,0.017677193,0.030369331,0.04994791,0.100046039,0.042300636,0.020541095,0.022943213,0.452396484,0.349108212,0.307507208,0.013069077,0.007430291,0.018675873,0.017707793,0.031408347,0.048459626,0.042826404,0.05778574,0.033564272,0.036579785,0.117769132,0.151767372,0.99023992,0.937882937,0.718671283,0.313774691,0.052356982,0.26875898,0.006427438,0.652910012,0.049621044,0.049324778,0.154588156,0.154362827,0.060696934,0.122240938,0.062075335,84.8,28.2,0.959923444,0.671335519,0.100596843,0.016404502,0.086153538,0.003396625,0.082036417,0.040076556,496700
25,0.057698112,0.074878538,0.067630094,0.065245646,0.134169957,0.125038764,0.125508762,0.066196669,0.063564129,0.094402062,0.047075606,0.020868738,725535,0.780872046,0.765497185,0.594626035,0.17087115,0.015374861,0.219127954,0.899760866,0.083980787,0.054410883,0.029569904,0.020270559,0.009299345,0.003644207,0.379303548,0.048912871,0.005445637,0.009756938,0.028294982,27,0.48797508,0.177105171,0.092420076,0.105086591,0.061087336,0.052275907,0.48797508,0.025440537,0.029826266,0.044134328,0.01421296,0.050630225,0.019283701,0.011238603,0.031448517,0.057171604,0.096308242,0.051557816,0.028723632,0.027998649,0.48797508,0.381343422,0.313432157,0.009744533,0.006132027,0.016365854,0.017224531,0.029101284,0.044394826,0.047482203,0.062752314,0.036448965,0.04378562,0.126254419,0.166087094,0.990464967,0.890589703,0.636138849,0.360403013,0.099875264,0.244032335,0.01009462,0.676824688,0.063165802,0.035229176,0.139452955,0.141028345,0.059834467,0.149644056,0.088469888,85.5,35.2,0.953763774,0.811077343,0.019600708,0.00717953,0.06667218,0.00051686,0.048717154,0.046236226,631200
26,0.050633924,0.055524613,0.053693761,0.056447755,0.148282156,0.13087293,0.142039022,0.071902669,0.065146054,0.098669581,0.051343817,0.02819652,712783,0.613754817,0.603530107,0.475131983,0.128398124,0.010224711,0.386245183,0.902745997,0.07911384,0.060356378,0.018757462,0.00864639,0.010111072,0.008559407,0.377882189,0.04426733,0.021672795,0.012390868,0.034650097,31.7,0.511779883,0.255895553,0.085553387,0.104921133,0.024043783,0.041366026,0.511779883,0.001857508,0.021825717,0.03517901,0.016371041,0.042541699,0.028875548,0.015656939,0.036520231,0.072242183,0.133538538,0.053028762,0.02981272,0.024329985,0.511779883,0.38754151,0.341895079,0.015753743,0.009889405,0.018120522,0.018243982,0.025328887,0.055279096,0.044622276,0.065014177,0.037594892,0.052048099,0.127376775,0.170674665,0.991958282,0.928798807,0.669134926,0.337377575,0.063159475,0.19596427,0.003801999,0.736452749,0.05671151,0.038234638,0.134665108,0.114190434,0.054882061,0.20023766,0.137531338,87.1,45.9,0.955909442,0.382969291,0.039146557,0.00657844,0.393275373,0.001481517,0.132458266,0.044090558,770100
27,0.044386333,0.046062377,0.038413441,0.049981321,0.197337657,0.159577614,0.130766091,0.069415937,0.060324622,0.092260338,0.05104147,0.020864014,693299,0.610934099,0.595790561,0.381017425,0.214773135,0.015143538,0.389065901,0.88151144,0.103725809,0.080001558,0.023724252,0.007328728,0.016395523,0.006823896,0.395374867,0.031681857,0.034506036,0.017419613,0.052555968,31.4,0.559794548,0.291069221,0.092307936,0.11213488,0.02645756,0.03782495,0.559794548,0.001207271,0.023982438,0.024647374,0.012938141,0.050352013,0.021652995,0.064105098,0.032812683,0.092494003,0.106200932,0.079987134,0.034328623,0.015085843,0.559794548,0.437691386,0.426202836,0.026467657,0.023076624,0.034331508,0.027846571,0.042537203,0.060072205,0.050735685,0.072819952,0.03269008,0.055625351,0.10735772,0.155129316,0.994438186,0.905713119,0.642060641,0.33585365,0.088725067,0.161328662,0.007007078,0.781587742,0.047837946,0.035583493,0.135071592,0.122520009,0.064719551,0.248276718,0.127578433,89.3,48.1,0.952333697,0.671606334,0.027297025,0.00522574,0.150816603,0.00292803,0.094459966,0.047666303,882900
28,0.057548223,0.064402453,0.068805658,0.075793657,0.16814253,0.143494334,0.129463993,0.060744727,0.052138969,0.068899017,0.033726324,0.012505939,717659,0.576808763,0.564373888,0.477457957,0.086915931,0.012434875,0.423191237,0.893374151,0.08970695,0.072664037,0.017042913,0.006040473,0.01100244,0.007467335,0.356057682,0.064116802,0.035934894,0.006967097,0.023605919,33.2,0.511031005,0.150231517,0.120912578,0.101302987,0.061579385,0.077004538,0.511031005,0.004412959,0.052368883,0.04445008,0.009387467,0.055910955,0.029597622,0.022174877,0.024036485,0.060849233,0.09672421,0.060323914,0.035962762,0.014831556,0.511031005,0.396882085,0.29522517,0.016386613,0.016463251,0.026576689,0.02416468,0.038112808,0.054826875,0.038621407,0.044543439,0.017771672,0.017757737,0.084956783,0.110995612,0.994813693,0.866745906,0.458808431,0.453450734,0.128067787,0.241625898,0.011667101,0.669115834,0.112460096,0.079377532,0.158084829,0.121095116,0.048885334,0.116336589,0.032876338,71.3,22.3,0.966489656,0.582227771,0.040207118,0.005474745,0.073959917,0.000521139,0.264098966,0.033510344,565000
29,0.054920936,0.053506129,0.053667111,0.057301633,0.152043944,0.13899003,0.149237889,0.065016975,0.065519552,0.088928647,0.047681994,0.025382757,764062,0.664317817,0.651812287,0.456443325,0.195368962,0.01250553,0.335682183,0.879969165,0.101761375,0.081582385,0.020178991,0.010524015,0.009654976,0.007342336,0.407896218,0.045093199,0.016642628,0.01021514,0.039869801,33.1,0.540206161,0.266814735,0.085667132,0.114210627,0.0322945,0.041219168,0.540206161,0.001104622,0.032252618,0.033974992,0.012557881,0.05082441,0.019112323,0.044301379,0.045979253,0.082761608,0.114855862,0.062070879,0.029607545,0.010802788,0.540206161,0.434068178,0.370290631,0.014731789,0.012980622,0.022462837,0.022178828,0.033982844,0.051537702,0.04600412,0.068862213,0.036836016,0.060713659,0.117084739,0.165245752,0.995065845,0.92393811,0.68181378,0.337725211,0.071127736,0.19940921,0.007025608,0.732801788,0.044424405,0.031832495,0.122109201,0.14551306,0.057411571,0.215537483,0.115973573,89.6,45.2,0.948922993,0.615435658,0.044826205,0.003236648,0.124260858,0.001382087,0.159781536,0.051077007,717000
30,0.06329554,0.073185717,0.07344581,0.071468571,0.163885262,0.126308428,0.129872767,0.062175547,0.046362941,0.078749854,0.031694215,0.013206365,753576,0.792275762,0.779983704,0.659309744,0.12067396,0.012292058,0.207724238,0.87442806,0.11051042,0.07529433,0.03521609,0.029801905,0.005414185,0.002760173,0.366310764,0.046283321,0.006613799,0.006540813,0.024464686,29.6,0.468165122,0.160744238,0.084218446,0.099313142,0.044189305,0.07969999,0.468165122,0.003800546,0.032938947,0.032998662,0.016787955,0.060009873,0.047691275,0.004347272,0.019353058,0.047282557,0.11114871,0.042761447,0.024296156,0.024748665,0.468165122,0.369190367,0.305170281,0.016046159,0.011523722,0.019735236,0.025195866,0.036994278,0.050789834,0.044035373,0.053800811,0.02313768,0.023911324,0.093625593,0.119240793,0.979285434,0.893863393,0.571235018,0.391434971,0.085422041,0.262392911,0.011973577,0.65225538,0.046964075,0.068263851,0.160298364,0.157668238,0.050067943,0.102635965,0.066356943,82.3,25.9,0.948334342,0.605028557,0.111846715,0.004057985,0.083854847,0.0019016,0.141644638,0.051665658,390400
31,0.057087935,0.065272303,0.062005691,0.069724828,0.142964582,0.135692125,0.128027217,0.067708348,0.062563684,0.090979927,0.046999826,0.018183998,700726,0.639492469,0.63042045,0.563967942,0.066452508,0.00907202,0.360507531,0.913239983,0.073757788,0.058836121,0.014921667,0.010403496,0.004518171,0.003961606,0.374036357,0.057299144,0.016805428,0.008097316,0.016832542,33.6,0.48898999,0.149180992,0.10098241,0.10648242,0.047442224,0.084901945,0.48898999,0.003339394,0.034175983,0.053681468,0.022295448,0.044796397,0.0353305,0.009775576,0.024991223,0.05599621,0.107979438,0.05032923,0.026964891,0.019334233,0.48898999,0.387472421,0.288903223,0.010267922,0.014151038,0.023123161,0.02252521,0.033929096,0.047171077,0.042535884,0.05380277,0.022903389,0.018493677,0.101517569,0.12430679,0.994554219,0.902351276,0.554703265,0.409672254,0.092202944,0.221768566,0.007780502,0.693119707,0.087510668,0.065386471,0.191375802,0.142586403,0.051473757,0.111315978,0.043470629,77.9,22.3,0.952026898,0.503078236,0.025931677,0.008445526,0.192015139,0.004366899,0.218189421,0.047973102,555700
32,0.049642851,0.056524432,0.064092183,0.057633952,0.138856214,0.128910312,0.135936799,0.070524841,0.067604005,0.094138723,0.057959279,0.029152957,703908,0.773224626,0.756826176,0.462147042,0.294679134,0.01639845,0.226775374,0.840952227,0.136388562,0.095062139,0.041326423,0.016625752,0.024700671,0.013716281,0.359879416,0.029215466,0.009869187,0.028195446,0.059409752,30.1,0.513932218,0.334386028,0.051020872,0.094418589,0.011385011,0.022721719,0.513932218,0.001295624,0.014950817,0.035295806,0.01349182,0.03838996,0.017218159,0.042708706,0.049156992,0.104826199,0.114476608,0.048048893,0.022527092,0.011545543,0.513932218,0.40513533,0.414336817,0.019116134,0.010589452,0.017834717,0.01750797,0.024001716,0.048737903,0.042511237,0.067700609,0.049046182,0.117290896,0.166231951,0.262129426,0.99509595,0.955629145,0.818142428,0.251785745,0.039466805,0.205477136,0.007662933,0.72308313,0.012528626,0.012579769,0.068294436,0.107553828,0.040849088,0.284858249,0.196419134,96.5,66.6,0.943351972,0.713735318,0.031663229,0.003057218,0.162981526,0.001254425,0.030660257,0.056648028,1419000
33,0.054195512,0.056600853,0.05331748,0.077258569,0.209952304,0.14459579,0.12764882,0.051721682,0.04913005,0.068691938,0.038882694,0.019290671,730042,0.559010304,0.545064531,0.435416045,0.109648486,0.013945773,0.440989696,0.867976089,0.111438794,0.08829492,0.023143874,0.010451453,0.01269242,0.008662515,0.294307725,0.048071207,0.085092365,0.029143529,0.030184565,34,0.512129439,0.179684183,0.12384219,0.0938809,0.045246712,0.069475455,0.512129439,0.001180754,0.03910049,0.040319598,0.017278458,0.051218971,0.025313612,0.023947937,0.023667131,0.072562948,0.092812468,0.077588687,0.032772087,0.014366297,0.512129439,0.400383814,0.352512595,0.034476099,0.022308306,0.035597952,0.033685733,0.042003063,0.060791023,0.037981376,0.045117952,0.017637341,0.02291375,0.071287679,0.104020043,0.979787464,0.816724243,0.415336378,0.440510272,0.163063221,0.200996655,0.010143252,0.70991395,0.133400544,0.07547374,0.148607888,0.096416371,0.041205848,0.15405826,0.060751299,70.6,30.3,0.961967942,0.346629372,0.049504001,0.016762049,0.202666422,0.001186233,0.345219864,0.038032058,688100
34,0.067131982,0.074647908,0.07323156,0.077784012,0.160333646,0.14463874,0.120203808,0.052181214,0.052305455,0.061787004,0.031746841,0.011216999,764643,0.699319813,0.685603608,0.617672561,0.067931048,0.013716205,0.300680187,0.886180871,0.096019973,0.050161971,0.045858002,0.038888736,0.006969265,0.005164502,0.362091852,0.056184389,0.006826715,0.003984866,0.02532816,32.4,0.470911262,0.115602968,0.086793445,0.104583446,0.053673414,0.11025799,0.470911262,0.003609528,0.038980282,0.050337216,0.016263799,0.051302372,0.056941605,0.00457076,0.019739931,0.048630537,0.084453791,0.046752537,0.029535352,0.019793551,0.470911262,0.381112493,0.264135028,0.010437551,0.008355533,0.017227647,0.019228581,0.031077248,0.047908632,0.044922925,0.053043054,0.019480987,0.01245287,0.095559627,0.112133375,0.987815229,0.887046635,0.542701627,0.397163121,0.100768594,0.273770897,0.010704342,0.634413707,0.084054912,0.084708812,0.164039951,0.145218095,0.040607185,0.085480414,0.030304338,73.4,18.3,0.950120514,0.520577577,0.053451088,0.010552637,0.074273877,0.003623913,0.287641422,0.049879486,423700
35,0.0480613,0.064992511,0.060448764,0.057005891,0.124491243,0.113849032,0.111054509,0.064460599,0.068808517,0.129124965,0.079941622,0.025669389,755764,0.794378933,0.782921653,0.564399733,0.21852192,0.01145728,0.205621067,0.867879391,0.116306148,0.074933445,0.041372704,0.025718346,0.015654358,0.008948561,0.303466426,0.044130178,0.005082274,0.005389248,0.026734536,30.3,0.398772633,0.122542222,0.102505544,0.086201513,0.043002842,0.044520512,0.398772633,0.00845502,0.034125732,0.019168682,0.007755066,0.050080448,0.021562287,0.004919525,0.020843808,0.041900646,0.088841226,0.054849133,0.029101677,0.017169381,0.398772633,0.298728174,0.367020657,0.026672347,0.019971843,0.038095225,0.031486019,0.04555258,0.056603649,0.046081846,0.053884546,0.023848715,0.024823887,0.077706797,0.112343271,0.985449161,0.902195659,0.527885689,0.510980941,0.083253502,0.213982143,0.006951906,0.717399876,0.057807728,0.070127712,0.183857659,0.175990124,0.056012194,0.108042987,0.065561472,82.2,24.2,0.965038028,0.712271291,0.049467823,0.012907468,0.039206684,0.000842856,0.150341906,0.034961972,310900
36,0.05105988,0.051922668,0.057269773,0.077794043,0.198332216,0.142474525,0.130347787,0.056236608,0.052150291,0.072615952,0.03828571,0.016872754,733668,0.682323612,0.671756162,0.490840544,0.180915619,0.01056745,0.317676388,0.886939324,0.095455983,0.069726361,0.025729622,0.010702389,0.015027233,0.008679675,0.383081993,0.031789583,0.046165295,0.01810083,0.033091262,31.6,0.539573758,0.244061347,0.111470038,0.099261519,0.032953598,0.051827257,0.539573758,0.00103998,0.027603766,0.028117623,0.013087664,0.046382015,0.028322075,0.033213933,0.032640104,0.101186095,0.118001603,0.062367447,0.029273459,0.018337995,0.539573758,0.418776613,0.37554725,0.02736115,0.017852762,0.027620122,0.029830932,0.038251634,0.058879493,0.036235736,0.059671405,0.034394304,0.045449713,0.094828996,0.145583561,0.995440717,0.895293239,0.583435559,0.374370969,0.100147478,0.198069154,0.009294395,0.707315843,0.085178855,0.049874057,0.117183794,0.130027478,0.040437909,0.169102373,0.115511376,80.9,40.2,0.961411701,0.501793727,0.219074568,0.005059509,0.091771755,0.001476145,0.142235998,0.038588299,828000
37,0.052575176,0.066801984,0.062285402,0.071818201,0.147876199,0.133889271,0.125132893,0.06141388,0.06423568,0.089031461,0.048789593,0.019201862,704515,0.692083206,0.683478705,0.611925935,0.07155277,0.008604501,0.307916794,0.920394882,0.066776435,0.05305068,0.013725755,0.010180053,0.003545702,0.003815391,0.390284096,0.044089906,0.0106002,0.008303585,0.016590136,32.8,0.488777386,0.164638084,0.086157144,0.121669517,0.036629454,0.079683186,0.488777386,0.002638695,0.031404583,0.052985387,0.021392021,0.050024485,0.037153219,0.007882018,0.026367075,0.053678062,0.109576091,0.049780345,0.02560201,0.020293393,0.488777386,0.38952045,0.288384208,0.011585275,0.008107705,0.021461573,0.01808904,0.030115753,0.04762993,0.039208534,0.060813467,0.031051149,0.020321782,0.112947205,0.132748061,0.994709836,0.912903203,0.629640249,0.362927688,0.081806633,0.225556589,0.007961505,0.68957084,0.068748004,0.060728302,0.174473219,0.156107393,0.058176192,0.118349503,0.052988226,81.2,24.8,0.963325124,0.414038026,0.048419125,0.008577532,0.16117187,0.003109941,0.32800863,0.036674876,578600
38,0.056336241,0.060630863,0.060319921,0.064804176,0.131348511,0.12710548,0.138968677,0.071162448,0.068666548,0.09824785,0.048035629,0.019359265,717176,0.664984606,0.653198099,0.541610428,0.111587672,0.011786507,0.335015394,0.88160089,0.100240387,0.06153859,0.038701797,0.027534385,0.011167412,0.008889031,0.40205612,0.047875277,0.009731224,0.004280679,0.028570393,33.3,0.510708668,0.227875724,0.072216583,0.12817077,0.032484355,0.049961237,0.510708668,0.002933729,0.034932848,0.055224938,0.024277165,0.052623066,0.026530447,0.006652481,0.041827947,0.057213292,0.11769217,0.04861847,0.022142403,0.020039711,0.510708668,0.406240588,0.320335594,0.009510915,0.006200709,0.013056767,0.016824322,0.025816536,0.05126775,0.042923913,0.071545897,0.036282586,0.046906199,0.134459324,0.165609279,0.997158299,0.928316062,0.690460919,0.317843877,0.068842237,0.221313876,0.008935045,0.702894408,0.040267661,0.030515522,0.127053889,0.140966792,0.061470267,0.199822638,0.10279764,89.9,43.1,0.96191172,0.51941225,0.017373699,0.002686928,0.3271303,0.001850313,0.093458231,0.03808828,685300
39,0.073883905,0.08873723,0.081545226,0.079338319,0.150858878,0.131961885,0.130748086,0.053236751,0.044970626,0.056785961,0.025033034,0.01086832,715934,0.602265013,0.597752027,0.565883168,0.031868859,0.004512986,0.397734987,0.935636525,0.048609229,0.044393757,0.004215472,0.002296301,0.001919171,0.002880154,0.316328041,0.054762031,0.037488092,0.010304022,0.01098565,33.9,0.457086826,0.078451366,0.104357385,0.101635067,0.054072023,0.118570986,0.457086826,0.003711236,0.037707386,0.060709507,0.027934139,0.055051164,0.041883749,0.003700062,0.018515673,0.043107326,0.07123841,0.05402593,0.027390793,0.012111452,0.457086826,0.379469337,0.250609693,0.011798574,0.013575274,0.030030701,0.026611392,0.038693511,0.046808784,0.033711208,0.031142535,0.012245542,0.005992172,0.072316722,0.092123017,0.997489992,0.838901351,0.356965866,0.512453662,0.158588641,0.29871748,0.014923163,0.60446354,0.164133845,0.094044982,0.151914841,0.101235589,0.032327002,0.045372898,0.015434384,57.3,10.1,0.982857358,0.557096045,0.050929276,0.010851559,0.018996164,0.001402364,0.34358195,0.017142642,500800
40,0.068320455,0.084607083,0.083902893,0.086035802,0.155085869,0.134342758,0.123063,0.049655595,0.047910372,0.057833864,0.028501917,0.010332787,786719,0.742243419,0.731408546,0.625141887,0.106266659,0.010834872,0.257756581,0.884170841,0.099078578,0.051194899,0.047883679,0.043929281,0.003954398,0.005042461,0.349919094,0.053187987,0.006997416,0.005332272,0.020721503,35,0.453091892,0.116990946,0.087501382,0.098281597,0.056877996,0.09343997,0.453091892,0.002492631,0.048605665,0.045838476,0.016156976,0.053531185,0.044984296,0.004382759,0.017797969,0.045347831,0.09109733,0.040523999,0.021789228,0.020543549,0.453091892,0.362388604,0.248050447,0.009322261,0.008546889,0.016327304,0.015107046,0.0309043,0.051480897,0.037946204,0.045491465,0.018716975,0.014207106,0.088956794,0.108927076,0.995221928,0.884160672,0.535929601,0.404987041,0.111061256,0.287726622,0.013030065,0.606726163,0.081644145,0.060077359,0.174015118,0.141388475,0.042923839,0.067137059,0.039540166,76.6,17.6,0.963793934,0.465922394,0.090859633,0.008100732,0.066901905,0.002375689,0.329633579,0.036206066,378800
41,0.070017441,0.076935431,0.069656968,0.059859951,0.141479153,0.135968554,0.132918214,0.064660311,0.051908128,0.070155444,0.040863137,0.012083582,840562,0.818584471,0.804765145,0.652945291,0.151819854,0.013819326,0.181415529,0.867358981,0.116504196,0.063940554,0.052563642,0.043623195,0.008940447,0.004530302,0.356460321,0.041416338,0.003308501,0.00301227,0.025469864,40.5,0.448798542,0.166801497,0.078273822,0.103567613,0.044132378,0.056023232,0.448798542,0.002989666,0.044296554,0.049039809,0.011475656,0.053178707,0.023709137,0.006969147,0.026671441,0.041537686,0.097988013,0.040576424,0.020457741,0.029908561,0.448798542,0.341341864,0.280791899,0.009198608,0.005772329,0.012604662,0.016861338,0.024047007,0.046684242,0.035991396,0.06224407,0.033061214,0.034327034,0.107845703,0.135899553,0.989463002,0.920245027,0.685293887,0.316036176,0.069217976,0.278619543,0.009882674,0.650036523,0.034873097,0.038858526,0.16760929,0.173883664,0.062405867,0.114135543,0.058270538,88.7,26.5,0.945491231,0.611450434,0.0621715,0.005078745,0.095211299,0.007048855,0.164530398,0.054508769,455800
42,0.069404565,0.066249873,0.05552793,0.064193976,0.174169755,0.133907327,0.129747411,0.056845949,0.059177213,0.069450014,0.038582153,0.017842725,748092,0.678048957,0.664723055,0.535034461,0.129688594,0.013325901,0.321951043,0.886890917,0.092550114,0.076037439,0.016512675,0.006239874,0.010272801,0.007190292,0.364072868,0.045879384,0.025749507,0.011315453,0.022006652,31.2,0.504486079,0.170319961,0.107843688,0.112611818,0.03957401,0.074136604,0.504486079,0.002936805,0.029638066,0.045333996,0.01786144,0.050426953,0.044867476,0.015257482,0.027530036,0.063572395,0.102693252,0.058754806,0.029638066,0.015975308,0.504486079,0.396834881,0.328974244,0.017532603,0.014772247,0.023823273,0.025833721,0.040373377,0.056419531,0.04090005,0.054093614,0.027091588,0.02813424,0.089120055,0.121967619,0.995739829,0.889837079,0.54658919,0.418911043,0.10590275,0.246332002,0.009976046,0.679722547,0.080671896,0.066245863,0.151770103,0.133093256,0.045843292,0.141336894,0.060761243,78.4,29.7,0.951935056,0.433268903,0.202124872,0.008895965,0.119981232,0.005679783,0.181984301,0.048064944,608300
43,0.069757648,0.075419026,0.066433332,0.078232981,0.163848063,0.123901888,0.123935354,0.056189865,0.056393452,0.073523998,0.030734585,0.012945868,717140,0.658613381,0.649141032,0.583522046,0.065618987,0.009472348,0.341386619,0.913166188,0.072038932,0.061207017,0.010831916,0.007527122,0.003304794,0.002194829,0.344805756,0.054982291,0.022704075,0.006054606,0.013237304,31.6,0.459483504,0.09758764,0.101570126,0.105294643,0.047046602,0.107984494,0.459483504,0.002939454,0.030394344,0.057023733,0.019810637,0.049677887,0.053087263,0.005883091,0.01698692,0.04934183,0.086022255,0.044770896,0.026933374,0.016611819,0.459483504,0.372404273,0.266377555,0.011908414,0.014515994,0.023663441,0.027605488,0.032407898,0.053780294,0.034867669,0.039096969,0.01548791,0.013043478,0.082313077,0.106411579,0.990813509,0.863459018,0.433831609,0.475166634,0.127354491,0.266120981,0.012771565,0.641473074,0.125465042,0.094022088,0.160546058,0.132103913,0.033979418,0.072476783,0.022879772,65.8,14.9,0.962407619,0.457761386,0.14633126,0.007340268,0.059716373,0.004842848,0.286415484,0.037592381,471900
44,0.05709007,0.059438072,0.070292211,0.062483651,0.13901993,0.127766453,0.142084465,0.06415556,0.065232254,0.089327711,0.048700195,0.018576767,791311,0.699996588,0.684587981,0.492334872,0.192253109,0.015408607,0.300003412,0.844771525,0.131589223,0.092236807,0.039352416,0.026951477,0.01240094,0.013849169,0.38672532,0.043733753,0.004281502,0.011328037,0.048633218,26.7,0.513743648,0.294570656,0.06457638,0.105145764,0.01815721,0.031293638,0.513743648,0.001721194,0.01983291,0.056890401,0.018840886,0.043114528,0.016480246,0.013308295,0.057993633,0.088196676,0.112445044,0.044385836,0.024980065,0.015553935,0.513743648,0.406404056,0.3563264,0.017918366,0.009635908,0.012073635,0.014070321,0.020587354,0.038546159,0.039775765,0.073322625,0.050116831,0.080279435,0.145868059,0.183355217,0.997373978,0.945932762,0.7911428,0.248644338,0.051441216,0.225758267,0.006007752,0.694863334,0.016206018,0.021519984,0.079878834,0.127108052,0.057192431,0.234854564,0.158103451,94.6,56.6,0.951067279,0.619367101,0.018481987,0.00286613,0.262311531,0.002447837,0.045592694,0.048932721,794400
45,0.064397925,0.06632401,0.070538256,0.081525786,0.169721405,0.138306488,0.129249126,0.059846104,0.047132584,0.058106502,0.032989814,0.015999434,734651,0.636355222,0.614008556,0.541515631,0.072492925,0.022346665,0.363644778,0.87899016,0.105820315,0.080670958,0.025149357,0.020034003,0.005115354,0.00396787,0.389495148,0.051915808,0.017575692,0.013078319,0.020504974,28.4,0.512150667,0.143130548,0.122214494,0.105296256,0.059203622,0.082305748,0.512150667,0.007240173,0.044124353,0.062975481,0.015551602,0.055162247,0.0234152,0.009656286,0.02517658,0.065691056,0.0929067,0.069957027,0.026458822,0.013835141,0.512150667,0.427824913,0.264754285,0.009005637,0.007256507,0.015641441,0.019964582,0.029039639,0.056391402,0.038475412,0.049019194,0.022044481,0.01791599,0.097733482,0.123992209,0.985691165,0.861991612,0.529982264,0.383503187,0.123699553,0.253467293,0.014604213,0.651351458,0.103611102,0.086793593,0.162143657,0.126345707,0.034913176,0.09428967,0.043254552,70.8,21.1,0.973277107,0.506809356,0.02056895,0.005963376,0.138100949,0.005737418,0.296097058,0.026722893,586500
46,0.057408507,0.067153572,0.055998239,0.064245242,0.151343239,0.140808034,0.133075249,0.066591973,0.060542591,0.086125302,0.040355689,0.02032347,717594,0.709689602,0.698396308,0.564870944,0.133525364,0.011293294,0.290310398,0.885241515,0.098800993,0.076173993,0.022627001,0.015584021,0.00704298,0.004155553,0.382412618,0.046215548,0.018234545,0.011216649,0.025483769,31.3,0.504899707,0.20427707,0.10201869,0.099549327,0.037405552,0.061649066,0.504899707,0.004053824,0.033420012,0.051317319,0.012895871,0.048131673,0.033854798,0.009134692,0.027861158,0.06421319,0.118711974,0.05723292,0.027554578,0.016517697,0.504899707,0.391438613,0.340016778,0.01951382,0.013751509,0.026832722,0.024895693,0.033858979,0.055992664,0.038967717,0.059390129,0.029777284,0.037036263,0.101022305,0.135279838,0.994213998,0.905247257,0.605724128,0.372457128,0.088966742,0.223565136,0.007689585,0.699165545,0.068162499,0.05635638,0.140541866,0.146624693,0.048730898,0.164144349,0.07460486,82.2,34.1,0.95814625,0.524759126,0.068948458,0.004321385,0.234491927,0.00446074,0.121164614,0.04185375,640300
47,0.055782694,0.057091232,0.057170579,0.053229653,0.144285796,0.125703165,0.137758419,0.07156032,0.066081166,0.103047362,0.053913155,0.023364362,718359,0.755463494,0.741122475,0.542533747,0.198588728,0.014341019,0.244536506,0.856855695,0.124947276,0.088834413,0.036112863,0.022807538,0.013305325,0.005532053,0.389654755,0.044980295,0.004884744,0.011117004,0.050846443,27.2,0.518352244,0.240119495,0.081826775,0.120697312,0.03193807,0.043770594,0.518352244,0.002558609,0.031009565,0.051347585,0.017945066,0.056203096,0.018596551,0.009395024,0.054422649,0.076955951,0.09960201,0.056436963,0.029918189,0.013960986,0.518352244,0.416460294,0.368616527,0.013178647,0.008213164,0.019126927,0.01869678,0.030665726,0.046188605,0.0465227,0.070314425,0.041747928,0.073961626,0.140046968,0.197603148,0.99728548,0.934561967,0.704889895,0.330546426,0.062723513,0.210380882,0.008742147,0.725713745,0.036676648,0.038550363,0.115660833,0.148830877,0.062385242,0.204922608,0.118687175,89.6,44.6,0.951188751,0.620934658,0.013579561,0.004169225,0.195764235,0.004870824,0.111870249,0.048811249,840200
48,0.06333491,0.066440059,0.060687809,0.069681938,0.135007643,0.125299782,0.128903996,0.068083559,0.064078724,0.097028027,0.047099537,0.019362399,731366,0.827503603,0.808928772,0.512514938,0.296413834,0.018574831,0.172496397,0.845796769,0.133551464,0.091050172,0.042501292,0.02389638,0.018604912,0.008681016,0.373970078,0.033932395,0.006847461,0.020921126,0.051716924,28.1,0.477896156,0.221445897,0.085900903,0.099054372,0.031409718,0.040085265,0.477896156,0.003278796,0.03325011,0.05181537,0.011948874,0.051388771,0.014255516,0.009147267,0.035059054,0.0782481,0.092794852,0.051120779,0.028907551,0.016681115,0.477896156,0.378058318,0.347162706,0.010273926,0.007361567,0.014854396,0.020962145,0.031810338,0.044538576,0.04368401,0.066259575,0.037598138,0.069820035,0.136781037,0.193521438,0.961552766,0.889565553,0.702071193,0.296400161,0.071987213,0.234327273,0.009020108,0.684863666,0.040699185,0.02784789,0.099681965,0.136292909,0.057318771,0.192390677,0.130632269,90,47.2,0.94285351,0.806429339,0.023121119,0.008819114,0.068697478,0.004577735,0.031208724,0.05714649,748200
49,0.067124628,0.069647902,0.064345466,0.064745127,0.1329065,0.127899523,0.118535842,0.067307971,0.065569511,0.092102799,0.04639896,0.019566255,758142,0.806747285,0.790809637,0.556870613,0.233939025,0.015937648,0.193252715,0.868378219,0.116391125,0.082034764,0.034356361,0.018405523,0.015950838,0.002651218,0.368354477,0.038331869,0.005703417,0.008140955,0.030179043,30.6,0.463293156,0.170464108,0.092478718,0.09838922,0.052259339,0.049701771,0.463293156,0.005227253,0.045263288,0.043698938,0.009784447,0.051871549,0.017786905,0.007593564,0.025430592,0.060092964,0.094043068,0.055513347,0.024586423,0.022400817,0.463293156,0.362792195,0.323893149,0.017577182,0.007768993,0.022051278,0.022063149,0.033451517,0.053633752,0.039821036,0.060344896,0.032111399,0.035069947,0.10333948,0.13380343,0.989275096,0.912950344,0.664423024,0.358583221,0.076324752,0.253410311,0.007364056,0.67028736,0.045841017,0.035924668,0.150426965,0.172290943,0.058998182,0.133286376,0.073519209,87.8,30.9,0.941446325,0.788205903,0.026687613,0.00990052,0.059418948,0.002682875,0.054550467,0.058553675,551200
50,0.068234618,0.071601262,0.074479243,0.075515965,0.164522804,0.135315073,0.114777733,0.055372794,0.050877636,0.071057253,0.037155928,0.0157965,740797,0.688110238,0.664523479,0.54746982,0.11705366,0.023586759,0.311889762,0.904350315,0.078480339,0.059013468,0.019466871,0.008265422,0.011201449,0.006434961,0.315880059,0.055336347,0.021102947,0.013436879,0.015303788,27.3,0.413551891,0.095775226,0.119988337,0.086869952,0.050403822,0.060514554,0.413551891,0.009209001,0.037289568,0.029728792,0.009770558,0.049626281,0.024477691,0.005247051,0.017354282,0.045336307,0.0796642,0.053754267,0.024179364,0.02791453,0.413551891,0.313193763,0.28057754,0.013552971,0.021417473,0.027471764,0.0283114,0.042170797,0.049072823,0.039229371,0.038288492,0.012780829,0.008281621,0.07083047,0.09256382,0.94957053,0.831407255,0.459316115,0.447233183,0.118163275,0.261456242,0.01395794,0.644875722,0.08387588,0.089017639,0.17484952,0.146999785,0.048748848,0.072303209,0.029080841,73.2,15.7,0.963379981,0.685498186,0.066338012,0.009782707,0.076718723,0.005701967,0.119340386,0.036620019,385300
51,0.053633509,0.05395939,0.062544401,0.073216355,0.177291042,0.130645727,0.126739064,0.06401217,0.05837573,0.083614569,0.04486079,0.017929977,767151,0.772237799,0.755441888,0.426218567,0.329223321,0.016795911,0.227762201,0.824957538,0.151382192,0.095689115,0.055693077,0.021040186,0.034652891,0.012619419,0.392734937,0.041306079,0.01239782,0.0195659,0.052764058,23.8,0.51980249,0.316116384,0.071966275,0.08491679,0.017043581,0.029759461,0.51980249,0.000995893,0.015115668,0.059770502,0.00919115,0.043979608,0.01469463,0.018099435,0.04060739,0.104631292,0.119692212,0.050761845,0.021336086,0.02092678,0.51980249,0.403599813,0.375016131,0.015614918,0.01135109,0.014926657,0.014101526,0.026508471,0.044156887,0.045594674,0.07857384,0.046174743,0.078013325,0.138856627,0.180758417,0.96730761,0.922866554,0.776385614,0.247109109,0.044441055,0.207098733,0.004518015,0.703469069,0.016471334,0.016861087,0.070287336,0.125247833,0.045525588,0.245667411,0.183408482,95.3,61,0.938776069,0.663716791,0.030081431,0.003198849,0.207154784,0.002232937,0.032391276,0.061223931,775300
52,0.059069843,0.052662986,0.053161325,0.073483355,0.190277524,0.153750516,0.11890764,0.053434773,0.053089769,0.080019269,0.03840792,0.017047045,782599,0.770974663,0.743871382,0.529377114,0.214494268,0.02710328,0.229025337,0.853420462,0.12797103,0.083920373,0.044050657,0.020902148,0.023148509,0.008724775,0.404585235,0.042647639,0.019352184,0.009971901,0.038631534,27.5,0.516379397,0.23831873,0.096693198,0.103644395,0.030688769,0.047034305,0.516379397,0.001755688,0.025603151,0.037734523,0.009956568,0.049042996,0.024569415,0.012261707,0.032374179,0.082433021,0.121095222,0.058885841,0.027964513,0.032702572,0.516379397,0.393055703,0.353008373,0.013135718,0.009686953,0.022187608,0.021201152,0.032100731,0.060434526,0.056247197,0.06825079,0.034474872,0.035288826,0.104885133,0.134538889,0.976034981,0.905804889,0.688956924,0.319473958,0.070230092,0.208238191,0.009223114,0.704934456,0.031837506,0.032779239,0.124906881,0.161313776,0.068547238,0.183013267,0.102536548,90.8,40.5,0.939433861,0.626667041,0.08088178,0.006173021,0.151276707,0.003669823,0.070765488,0.060566139,583900
